model,test_loss,test_acc,test_f1,score
ResNet50 (e5),0.1938,0.9133,0.8022,0.85775
ResNet18 (e10),0.1997,0.9118,0.8039,0.85785
